Transaction_id,Product_name,Sales_date,Sales_time,Custome_name,gender,Quantity,Product_Price,Total_Price
1350130,Apple,19-12-2024,18:20,Lindsey,M,2030,39.99,81179.7
37808678,Oppo,16-06-2025,18:30,Sheff,M,102,3.99,406.98
36000012,Nokia,22-05-2025,20:49,Hamnet,M,2221,3.29,7307.09
369872995,Realme,22-07-2025,19:09,Forster,M,112,2.49,278.88
51079436,Motorola,07-03-2025,17:57,Ardelis,F,642,6.49,4166.58
593510316,Micromax,10-06-2025,17:45,Cathryn,F,8405,39.99,336115.95
60760629,QMobile,04-02-2025,21:52,Coretta,F,866,99.99,86591.34
51655500,Samsung,31-05-2025,21:17,Scarface,M,329,19.99,6576.71
45802119,Nokia,04-12-2024,19:05,Ulrikaumeko,F,1476,4.99,7365.24
4063249,vivo,02-08-2025,19:11,Arvin,M,174,1.99,346.26
6151527,Lenovo,12-09-2024,16:31,Jarvis,M,1072,99.99,107189.28
55910823,Samsung,13-12-2024,19:09,Hughie,M,919,2.99,2747.81
49873067,Tecno,03-05-2025,19:01,Fabiano,M,110,3.99,438.9
50302310,Nokia,25-06-2025,23:10,Harmonia,F,42,25,1050
9045930,Spice,11-10-2024,20:15,Audrey,F,23,10.99,252.77
557142215,Samsung,31-01-2025,18:50,Bentley,M,,3.79,0
21695744,verykool,18-06-2025,20:25,Robenia,F,20,1.99,39.8
619570602,XOLO,30-06-2025,19:54,Byran,M,2376,3.29,7817.04
596670088,Motorola,29-04-2025,20:58,Willow,F,900,14.99,13491
43063030,Yezz,24-07-2025,20:06,Trace,M,967,199.99,193390.33
369873250,HTC,24-07-2025,19:52,Lynelle,F,20,15.99,319.8
5550159,Motorola,13-07-2025,19:33,Jany,F,275,3.29,904.75
68196604,BLU,28-08-2024,22:45,Melisande,F,104,5.99,622.96
41250605,Micromax,01-10-2024,15:31,Salmon,M,5350,7.99,42746.5
4987000,Haier,08-06-2025,16:30,Jarrid,M,266,7.49,1992.34
118220223,ZTE,02-01-2025,17:16,Loutitia,F,,49.99,0
548685426,Sony,16-07-2025,16:42,Garth,M,568,12.99,7378.32
6154539,Xiaomi,22-11-2024,14:42,Lodovico,M,2077,79.99,166139.23
8690370,Gigabyte,30-05-2025,18:15,Cristin,F,1229,19.99,24567.71
3380669,Nokia,13-09-2024,23:58,Madelle,F,2458,19.99,49135.42
647252164,vivo,31-08-2024,20:58,Brynne,F,2260,19.99,45177.4
55711066,Lenovo,31-07-2025,21:08,Bernadina,F,3283,39.99,131287.17
595351001,Samsung,09-02-2025,23:37,Donni,F,756,2.49,1882.44
438570229,Prestigio,20-10-2024,23:05,Dyann,F,56,29.99,1679.44
21695788,NEC,05-11-2024,16:18,Neel,M,383,109.99,42126.17
9046414,Cat,04-12-2024,19:13,Broddy,M,175,109.99,19248.25
369872625,HTC,14-02-2025,22:53,Madelina,F,18,12.99,233.82
66336940,Sony,23-11-2024,17:27,Worden,M,19,49.99,949.81
650442298,Celkon,11-11-2024,18:37,Alf,M,624,4.99,3113.76
55111281,Spice,31-08-2024,22:04,Pearce,M,565,5.49,3101.85
50474806,Lava,08-07-2025,22:21,Kiel,M,4985,22.99,114605.15
76214039,BLU,04-08-2025,17:39,Shurlock,M,15,34.99,524.85
63981194,Honor,14-11-2024,22:18,Jo,F,9,2.49,22.41
41520491,BLU,26-09-2024,23:34,Woodrow,M,0,2.49,0
16590893,Ulefone,08-04-2025,22:43,Feodora,F,2591,3.29,8524.39
42783610,Philips,25-02-2025,21:25,Marcel,M,328,3.49,1144.72
53345003,Yezz,07-07-2025,23:49,Shane,F,,5.49,0
545691125,T-Mobile,01-11-2024,23:44,Nichols,M,1110,39.99,44388.9
21695506,Samsung,13-07-2025,22:40,Grange,M,215,19.99,4297.85
369871761,LG,24-05-2025,17:21,Erinn,F,121,3.29,398.09
369872607,Telit,02-01-2025,18:31,Eolanda,F,5800,24.99,144942
489513042,Huawei,10-06-2025,18:31,Kareem,M,4045,4.29,17353.05
49614170,BlackBerry,17-03-2025,17:19,Aymer,M,812,89.99,73071.88
628060001,Lava,07-08-2025,22:32,Malcolm,M,4444,5.99,26619.56
60793600,HTC,26-04-2025,15:58,Dennie,F,1591,2.79,4438.89
55312053,QMobile,31-05-2025,19:40,Roxanna,F,15,1.99,29.85
548683267,Lava,10-01-2025,18:38,Alanah,F,390,19.99,7796.1
61727341,Lava,12-09-2024,22:04,Kippy,M,599,29.99,17964.01
504369983,Nokia,07-02-2025,17:46,Marie,F,46,3.29,151.34
60760344,Qtek,23-10-2024,21:58,Dorie,F,887,4.29,3805.23
5550787,Motorola,01-05-2025,23:28,Ranique,F,142,19.99,2838.58
59779474,alcatel,18-02-2025,16:15,Killian,M,40,24.99,999.6
61611107,Samsung,01-08-2025,15:15,Kelsi,F,0,8.99,0
66184528,LG,21-12-2024,18:56,Maje,M,200,1.99,398
489512047,BlackBerry,18-11-2024,14:55,Rudyard,M,5741,49.99,286992.59
750626,Coolpad,17-08-2025,19:44,Renate,F,443,3.99,1767.57
62211261,alcatel,09-02-2025,17:33,Fleming,M,18,1.89,34.02
53145019,Huawei,13-12-2024,18:13,Dulcea,F,5330,39.99,213146.7
4092288,Sony,11-07-2025,20:51,Kitti,F,1422,22.99,32691.78
1130020,NEC,29-04-2025,18:18,Dotti,F,273,69.99,19107.27
35356682,verykool,25-01-2025,14:19,Vale,M,1855,22.99,42646.45
60760054,alcatel,22-02-2025,22:14,Patty,F,8,29.99,239.92
68084521,NEC,16-10-2024,23:47,Andrey,M,869,19.99,17371.31
63739440,Honor,24-01-2025,22:40,Rea,F,60,2.49,149.4
649421282,Huawei,08-04-2025,15:15,Abramo,M,64,19.99,1279.36
5731926,LG,23-03-2025,19:17,Loree,F,2215,39.99,88577.85
619570908,Huawei,15-10-2024,23:38,Avril,F,20,199,3980
11410117,Micromax,02-11-2024,17:57,Gav,M,96,29.99,2879.04
1790098,Samsung,15-09-2024,22:48,Dot,F,117,27.99,3274.83
529798002,Ericsson,20-08-2025,15:08,Nicol,M,1378,5.49,7565.22
930129,Nokia,26-05-2025,23:11,Goddart,M,1188,15.99,18996.12
492880469,Samsung,02-12-2024,14:40,Letta,F,152,49.99,7598.48
21695844,Samsung,26-03-2025,17:56,Ediva,F,35,49.99,1749.65
57716001,Chea,31-12-2024,18:08,Reinaldos,M,38,49.99,1899.62
7816023,BenQ-Siemens,01-04-2025,17:28,Janaye,F,40,149.99,5999.6
35192011,Motorola,08-01-2025,20:44,Doy,M,46,39.99,1839.54
17478501,Motorola,11-08-2025,23:16,Oralia,F,23,3.49,80.27
595358201,Celkon,23-06-2025,19:42,Sayres,M,60,3.49,209.4
25021659,Oppo,07-08-2025,15:09,Barbette,F,470,79.99,37595.3
60760977,Micromax,30-09-2024,19:28,Fiann,F,7,19.99,139.93
55289125,BLU,13-06-2025,16:57,Leigha,F,259,4.99,1292.41
49348918,Philips,10-11-2024,23:30,Thebault,M,587,39.99,23474.13
27495013,Sony,06-05-2025,20:21,Pammy,F,56,59.99,3359.44
64861303,BLU,28-01-2025,19:28,Welch,M,3,1.99,5.97
53489700,vivo,08-07-2025,21:49,Zita,F,827,4.99,4126.73
58404001,Tecno,23-04-2025,21:01,Emmi,F,295,1.49,439.55
65162536,Energizer,08-03-2025,20:32,Tanya,F,7360,89.99,662326.4
2686694,Sony,09-10-2024,18:47,Charissa,F,374,3.29,1230.46
3380691,LG,15-08-2025,22:51,Joela,F,170,4.49,763.3
489514037,Siemens,24-11-2024,19:28,Hally,F,49,2.49,122.01
60429374,Realme,11-04-2025,20:30,Olivie,F,12913,3.99,51522.87
10544218,Huawei,31-12-2024,18:50,Wyatt,M,1056,99.99,105589.44
339923005,Apple,21-06-2025,19:42,Briggs,M,5558,39.99,222264.42
245843,Huawei,14-09-2024,15:01,Pall,M,1477,34.99,51680.23
37205762,BLU,23-01-2025,22:57,Garek,M,234,19.99,4677.66
42627257,ZTE,28-05-2025,19:26,Daryn,F,1824,19.99,36461.76
24909617,Sonim,26-02-2025,19:56,Katina,F,35,19.99,699.65
68016336,Unnecto,29-11-2024,16:20,Anne,F,12,39.99,479.88
55670122,Celkon,17-08-2025,14:12,Ambrosio,M,856,2.99,2559.44
689571092,LG,22-01-2025,16:53,Bruno,M,2230,49.99,111477.7
33261847,Samsung,02-10-2024,15:21,Sapphira,F,,18.99,0
615896502,BlackBerry,24-03-2025,23:31,Selma,F,325,4.19,1361.75
489512027,Samsung,27-04-2025,17:48,Aguie,M,250,29.99,7497.5
51009202,Lenovo,22-02-2025,14:15,Monika,F,5080,39.99,203149.2
6157639,ZTE,07-04-2025,18:08,Hephzibah,F,440,3.49,1535.6
605127155,Motorola,23-01-2025,18:13,Fidelio,M,403,3.49,1406.47
58892336,Samsung,21-10-2024,23:45,Johnathon,M,236,19.99,4717.64
42254064,alcatel,26-01-2025,14:44,Tulley,M,7216,24.99,180327.84
43269784,verykool,14-08-2025,18:11,Teddy,F,2277,69.99,159367.23
60429356,Pantech,09-12-2024,18:15,Cornelle,F,1440,3.99,5745.6
649421338,Sony,22-02-2025,22:50,Maiga,F,7285,29.99,218477.15
64772126,alcatel,22-08-2024,21:04,Yuri,M,1437,34.99,50280.63
2686110,alcatel,19-01-2025,20:04,Nellie,F,1703,59.99,102162.97
66336010,Telit,28-03-2025,17:26,Christye,F,1215,59.99,72887.85
52125177,Samsung,04-01-2025,20:33,Petr,M,4,34.99,139.96
650441453,LG,22-04-2025,14:20,Cob,M,6,6.99,41.94
51442547,Sharp,11-06-2025,21:12,Sandy,M,100,39.99,3999
61245156,Nokia,02-01-2025,23:39,Bar,M,10,34.99,349.9
37012337,Sony,31-05-2025,22:30,Stace,F,358,2.79,998.82
548685550,Huawei,13-08-2025,23:51,Heidie,F,308,59.99,18476.92
6155572,Realme,07-11-2024,20:36,Giralda,F,49,69.99,3429.51
55111133,Micromax,12-08-2025,21:10,Leona,F,12913,24.99,322695.87
68084123,verykool,10-09-2024,23:54,Woodrow,M,181,89.99,16288.19
605128016,Bird,29-11-2024,14:47,Giulietta,F,2082,22.99,47865.18
42957002,Huawei,12-12-2024,14:38,Linn,F,466,3.29,1533.14
36800323,Spice,28-02-2025,21:56,Bari,F,991,1.89,1872.99
52584044,Philips,01-12-2024,17:39,Adrianna,F,6,12.99,77.94
780274,Nokia,25-02-2025,14:53,Shelden,M,620,12.99,8053.8
52125388,Philips,07-07-2025,19:03,Gayelord,M,662,19.99,13233.38
515250431,Realme,16-01-2025,22:58,Prudence,F,35,14.99,524.65
41250335,Qtek,07-03-2025,17:58,Mortimer,M,4349,8.99,39097.51
42254355,LG,30-09-2024,20:34,Annie,F,427,39.99,17075.73
557142001,Yezz,21-08-2025,14:15,Kassandra,F,5350,44.99,240696.5
687880645,Yezz,15-07-2025,15:43,Creigh,M,860,14.99,12891.4
605052995,HTC,10-12-2024,19:44,Blithe,F,3887,5.99,23283.13
43598316,Gionee,17-12-2024,21:17,Saul,M,1181,29.99,35418.19
66116398,Motorola,31-08-2024,23:42,Allsun,F,1048,59.99,62869.52
49852160,Archos,29-05-2025,19:19,Kingsley,M,2315,89.99,208326.85
29300138,Google,03-03-2025,21:35,Nadya,F,6250,8.99,56187.5
30142862,ZTE,08-08-2025,21:58,Codi,F,47,7.99,375.53
369871248,Samsung,04-02-2025,20:36,Thayne,M,33,79.99,2639.67
649420053,Samsung,21-12-2024,17:24,David,M,1234,3.99,4923.66
551546664,HP,01-11-2024,23:25,Patrizius,M,19,24.99,474.81
52584504,Micromax,25-07-2025,15:20,Karlotta,F,10,2.49,24.9
492880160,ZTE,18-11-2024,23:02,Bliss,F,2543,1.99,5060.57
1697708,HTC,25-06-2025,23:32,Carly,M,3779,19.99,75542.21
2680815,alcatel,27-11-2024,22:40,Putnam,M,35,3.29,115.15
49035187,Apple,24-07-2025,18:33,Evelyn,F,35,49.99,1749.65
548684742,ZTE,19-03-2025,20:25,Isaac,M,23,19.99,459.77
51991728,Huawei,22-10-2024,18:54,Cassie,M,817,4.49,3668.33
743041,Samsung,06-10-2024,22:53,Sinclair,M,1877,12.99,24382.23
63868352,Micromax,06-07-2025,17:10,Sheppard,M,4445,1.49,6623.05
54340833,Samsung,18-03-2025,23:38,Lilllie,F,115,34.99,4023.85
49349391,BlackBerry,02-02-2025,18:01,Goldarina,F,456,39.99,18235.44
619956110,Lenovo,15-05-2025,17:10,Raleigh,M,174,5.29,920.46
37205967,Samsung,13-12-2024,22:42,Ranna,F,407,4.99,2030.93
533468552,Celkon,30-03-2025,14:17,Salim,M,640,5.49,3513.6
59886322,Samsung,23-03-2025,20:16,Pepi,F,228,10.99,2505.72
3630417,BlackBerry,07-05-2025,23:41,Rodie,F,545,59.99,32694.55
65162513,alcatel,27-10-2024,21:46,Kristoforo,M,597,3.29,1964.13
664672190,Oppo,30-12-2024,22:29,Patti,F,3,6.99,20.97
65841753,Lenovo,22-01-2025,21:14,Cort,M,883,6.49,5730.67
551543449,Celkon,18-07-2025,15:19,Fanni,F,410,2.99,1225.9
551542388,Nokia,18-12-2024,14:13,Benedict,M,946,1.89,1787.94
2681174,Lenovo,08-01-2025,15:12,Francis,M,790,1.89,1493.1
7811643,LG,29-06-2025,17:24,Caprice,F,45,3.99,179.55
369871505,ZTE,11-11-2024,21:22,Tiena,F,,19.99,0
61787481,Nokia,04-11-2024,20:45,Hinze,M,682,2.89,1970.98
3786726,verykool,27-07-2025,20:23,Kaleena,F,1580,89.99,142184.2
76237189,Philips,18-10-2024,15:52,Pansie,F,50,24.99,1249.5
551545516,Tecno,12-09-2024,21:37,Eddi,F,70,99.99,6999.3
43538610,T-Mobile,08-04-2025,16:32,Yevette,F,,6.49,0
59640112,ZTE,24-05-2025,17:11,Wolfy,M,66,2.49,164.34
49348561,Celkon,25-04-2025,18:00,Raddy,M,1354,59.99,81226.46
58161155,Honor,02-07-2025,18:58,Antonino,M,200,4.49,898
36800949,Celkon,16-12-2024,20:56,Yelena,F,207,2.79,577.53
47682889,Samsung,15-12-2024,16:31,Rea,F,600,3.39,2034
6157646,HTC,14-06-2025,20:13,Cobbie,M,283,8.49,2402.67
24338611,Icemobile,17-05-2025,15:22,Randee,F,772,44.99,34732.28
21695471,BenQ,30-07-2025,15:49,Essie,F,25,59.99,1499.75
67877273,Sewon,17-01-2025,15:30,Priscilla,F,12,3.49,41.88
6151311,ZTE,24-02-2025,15:31,Cordey,F,4212,3.49,14699.88
58411199,Oppo,15-12-2024,21:17,Daniel,M,92,27.99,2575.08
9047889,Wiko,04-02-2025,14:46,Humphrey,M,6100,12.99,79239
581180106,Sonim,01-04-2025,15:45,Abram,M,59,3.99,235.41
46122158,Samsung,28-04-2025,17:16,Harley,M,4517,149.99,677504.83
15127268,vivo,28-10-2024,17:39,Brennan,M,85,3.99,339.15
16252516,BLU,05-04-2025,17:27,Bondy,M,300,6.49,1947
575200298,ZTE,13-01-2025,17:51,Alberik,M,1230,12.99,15977.7
63146104,Samsung,27-05-2025,19:07,Frasier,M,1182,29.99,35448.18
8320038,Energizer,04-10-2024,14:25,Farrell,M,2132,299.99,639578.68
64764046,Samsung,18-06-2025,21:21,Rees,M,49,29.99,1469.51
581182435,Vodafone,17-12-2024,14:11,Lucias,M,2743,2.29,6281.47
68737227,BLU,27-01-2025,16:19,Carmine,M,22,5.99,131.78
11673408,Vertu,13-10-2024,23:56,Michal,F,955,2.29,2186.95
56104021,Motorola,23-12-2024,23:40,Philbert,M,837,5.49,4595.13
596670102,Samsung,27-09-2024,21:41,Montague,M,937,7.99,7486.63
584143509,alcatel,25-01-2025,22:17,Tallou,F,3735,29.99,112012.65
55651024,verykool,09-09-2024,21:44,Merrie,F,10,49.99,499.9
21695535,Nokia,22-06-2025,19:21,Dicky,M,27,39.99,1079.73
52125668,verykool,12-02-2025,17:57,Thomasina,F,7523,19.99,150384.77
575200599,Asus,03-06-2025,22:15,Neely,F,770,4.99,3842.3
489511058,Dell,04-04-2025,15:51,Bess,F,768,5.99,4600.32
650442630,Karbonn,15-06-2025,15:21,Selene,F,300,4.79,1437
65121101,Panasonic,09-04-2025,20:36,Emogene,F,656,24.99,16393.44
52125668,Samsung,29-09-2024,22:35,Vyky,F,8,99.99,799.92
501147110,Sony,07-02-2025,20:46,Olivier,M,,34.99,0
369872833,HTC,04-04-2025,16:49,Fidela,F,49,3.49,171.01
52815124,Pantech,28-08-2024,19:32,Cairistiona,F,336,14.99,5036.64
55312664,Posh,22-06-2025,15:25,Bogey,M,247,5.49,1356.03
687889756,ZTE,06-03-2025,21:51,Casey,M,5500,2.99,16445
49825126,Nokia,30-04-2025,15:51,Kayle,F,477,2.99,1426.23
57337037,Nokia,24-01-2025,20:28,Dimitri,M,5815,34.99,203466.85
107426748,Philips,16-04-2025,16:18,Amby,M,0,29.99,0
58177312,Allview,27-05-2025,21:34,Pam,F,2018,59.99,121059.82
679382006,BLU,03-11-2024,19:20,Max,F,55,12.99,714.45
51079852,LG,21-01-2025,16:25,Tommy,F,869,24.99,21716.31
551545537,Honor,13-08-2025,22:19,Nikaniki,F,128,2.49,318.72
3783020,Sony,09-03-2025,17:48,Ardene,F,3600,12.99,46764
49643124,Motorola,06-09-2024,23:50,North,M,20,6.49,129.8
98132923,Samsung,03-06-2025,20:33,Bank,M,861,8.49,7309.89
43538611,BLU,11-08-2025,16:43,Maurise,M,399,6.49,2589.51
13537425,Motorola,03-10-2024,14:17,Donica,F,95,19.99,1899.05
49349236,Lava,10-06-2025,18:42,Shirleen,F,355,3.99,1416.45
35356805,BQ,22-03-2025,19:11,Grethel,F,620,14.99,9293.8
58809877,Nokia,01-02-2025,23:56,Alice,F,19,18.99,360.81
49348692,alcatel,12-11-2024,21:46,Coriss,F,108,34.99,3778.92
49726011,HTC,13-07-2025,22:52,Durante,M,45,3.59,161.55
45167451,LG,28-04-2025,19:21,Chalmers,M,20,1.99,39.8
59779442,Oppo,24-06-2025,16:13,Maurita,F,2618,18.99,49715.82
597620252,T-Mobile,11-09-2024,22:21,Olin,M,4232,19.99,84597.68
55316166,Samsung,16-02-2025,16:00,Cecil,F,32,3.49,111.68
551544779,Siemens,15-10-2024,16:43,Ofella,F,20,4.29,85.8
37000331,Siemens,10-10-2024,18:44,Cammi,F,62,3.59,222.58
2680078,Haier,19-11-2024,16:21,Rhody,F,131,24.99,3273.69
442240006,Motorola,07-04-2025,23:20,Gerrie,F,36,19.99,719.64
49981014,Motorola,11-06-2025,23:35,Xylina,F,10,89.99,899.9
55910666,Nokia,13-06-2025,17:12,Gratiana,F,512,45.99,23546.88
687965626,Prestigio,20-11-2024,21:57,Kevina,F,1538,9.99,15364.62
543117,Samsung,19-11-2024,17:11,Onofredo,M,6100,24.99,152439
508450042,Allview,15-09-2024,16:09,Melisenda,F,1040,2.99,3109.6
369871479,Micromax,18-06-2025,22:41,Dulcie,F,776,2.79,2165.04
10702025,Celkon,21-05-2025,16:35,Annabal,F,137,39.99,5478.63
6416006,Huawei,02-10-2024,19:14,Benson,M,433,24.99,10820.67
369872575,Eten,23-02-2025,18:59,Tildy,F,1291,29.99,38717.09
36800178,Allview,07-01-2025,15:10,Pascale,M,4776,3.99,19056.24
50458309,BQ,06-10-2024,15:18,Donnie,F,4550,3.29,14969.5
55910105,Sony,12-05-2025,18:28,Charlie,M,863,49.99,43141.37
41163763,Realme,06-03-2025,20:32,Ailsun,F,559,7.99,4466.41
687889790,Samsung,22-08-2024,15:21,Corby,M,352,5.99,2108.48
9046129,Samsung,28-11-2024,21:22,Jasen,M,76,2.49,189.24
64117965,O2,04-10-2024,18:16,Teodorico,M,4513,59.99,270734.87
930130,Bird,13-07-2025,18:21,Norah,F,85,4.99,424.15
3639160,Micromax,28-06-2025,15:35,Quinlan,M,236,19.99,4717.64
369871038,Panasonic,01-07-2025,16:34,Andrei,F,,29.99,0
548684742,Realme,31-05-2025,17:16,Adham,M,1148,12.99,14912.52
19392500,verykool,11-09-2024,20:51,Shoshana,F,7,22.99,160.93
551549436,Philips,01-04-2025,20:48,Renell,F,86,39.99,3439.14
649421248,Sagem,11-05-2025,15:47,Ysabel,F,4895,2.49,12188.55
63824307,Samsung,02-07-2025,19:44,Vincenty,M,190,5.99,1138.1
627210118,Siemens,16-03-2025,21:45,Lisabeth,F,1031,34.99,36074.69
54162000,Vodafone,12-05-2025,19:41,Myrtie,F,589,1.49,877.61
66961120,Energizer,21-09-2024,22:24,Lovell,M,740,29.99,22192.6
538080862,Micromax,14-11-2024,22:49,Monro,M,4593,12.99,59663.07
689685553,Honor,14-04-2025,18:41,Devlin,M,66,2.99,197.34
40186,NEC,17-02-2025,22:11,Katie,F,5020,3.49,17519.8
68084556,Meizu,29-01-2025,15:06,Sawyere,M,-11,34.99,-384.89
51079778,Samsung,01-03-2025,14:49,Julianne,F,5500,29.99,164945
76123245,Huawei,17-06-2025,22:19,Danny,M,23,5.49,126.27
541460001,Huawei,02-07-2025,18:09,Dorthea,F,309,19.99,6176.91
438570094,Posh,28-03-2025,16:20,Thoma,M,892,3.49,3113.08
6035166,Gigabyte,27-11-2024,23:43,Danny,M,9,14.99,134.91
53125773,NIU,20-07-2025,18:44,Travus,M,117,4.99,583.83
10237735,Apple,11-02-2025,14:20,Gwenore,F,1827,59.99,109601.73
65162220,Panasonic,16-11-2024,17:08,Fraze,M,62,159.99,9919.38
63868158,Ericsson,21-05-2025,15:22,Evonne,F,7,34.99,244.93
2591102,Allview,16-04-2025,19:12,Clari,F,5230,39.99,209147.7
13734036,Micromax,20-05-2025,17:29,Salvidor,M,55,12.99,714.45
520603,Celkon,21-03-2025,23:22,Marten,M,20,6.49,129.8
64679545,Yezz,06-10-2024,18:40,Katherine,F,5475,8.99,49220.25
504366664,OnePlus,14-07-2025,22:26,Athena,F,58,2.99,173.42
506532001,alcatel,16-03-2025,14:11,Jaime,M,4365,29.99,130906.35
51079948,Xiaomi,27-08-2024,20:10,Ted,F,3449,2.89,9967.61
49349236,Samsung,10-06-2025,15:43,Colver,M,545,29.99,16344.55
51367006,Vodafone,20-07-2025,14:44,Nicole,F,1174,2.49,2923.26
6155538,Sony,03-06-2025,17:05,Reamonn,M,21,2.29,48.09
118222099,Nokia,23-08-2024,19:43,Aretha,F,112,2.49,278.88
60429320,Gigabyte,01-06-2025,14:53,Major,M,33,3.89,128.37
541187232,Philips,14-04-2025,15:15,Fran,M,10,1.99,19.9
42291367,Innostream,15-08-2025,20:27,Bertrand,M,443,2.99,1324.57
67046428,Motorola,25-09-2024,15:01,Grove,M,,7.99,0
551540155,Unnecto,14-04-2025,22:49,Alon,M,606,4.99,3023.94
59746338,Philips,26-02-2025,17:39,Candace,F,21,6.99,146.79
68645485,Lava,13-09-2024,15:52,Bridie,F,81,49.99,4049.19
62756402,Samsung,21-04-2025,23:13,Gilberto,M,1434,2.29,3283.86
57337031,ZTE,11-06-2025,14:39,Stillmann,M,424,18.99,8051.76
68196294,Nokia,10-01-2025,19:32,Chris,M,62,1.99,123.38
398220166,Samsung,16-06-2025,21:48,Mackenzie,M,98,49.99,4899.02
10237747,Lenovo,19-01-2025,21:44,Dewitt,M,12,3.49,41.88
66365001,Unnecto,13-04-2025,22:49,Brand,M,-1266,3.99,-5051.34
52533178,ZTE,05-11-2024,21:12,Tallulah,F,2018,24.99,50429.82
17478010,Panasonic,11-06-2025,23:36,Teena,F,401,9.99,4005.99
37205715,Samsung,19-07-2025,22:38,Weylin,M,2024,3.59,7266.16
54575379,Icemobile,12-04-2025,22:59,Lauralee,F,17,1.79,30.43
619571830,Motorola,13-11-2024,21:26,Ferdy,M,23,2.89,66.47
67405650,Philips,08-03-2025,17:02,Meade,F,4215,12.99,54752.85
593510331,Celkon,13-09-2024,14:14,Rollie,M,1016,3.49,3545.84
54575091,Asus,05-01-2025,18:42,Winston,M,2661,4.49,11947.89
52584928,Lenovo,18-08-2025,22:58,Gideon,M,495,1.99,985.05
61047810,Motorola,18-12-2024,16:20,Boyd,M,24,24.99,599.76
60760204,Wiko,03-12-2024,15:21,Dewie,M,1015,2.49,2527.35
21695657,QMobile,28-12-2024,15:26,Wait,M,5,49.99,249.95
5174050,BenQ,23-04-2025,17:35,Brnaba,M,17,299.99,5099.83
529798001,HTC,21-04-2025,23:53,Ede,F,115,5.99,688.85
52815122,Amoi,28-05-2025,22:23,Reggie,M,190,24.99,4748.1
68462344,ZTE,18-05-2025,15:31,Colleen,F,32,3.79,121.28
17350015,Realme,10-06-2025,22:42,Rutter,M,636,49.99,31793.64
21695340,Benefon,28-04-2025,22:14,Missy,F,13,24.99,324.87
62756260,Toshiba,28-07-2025,14:53,Jedd,M,480,3.29,1579.2
4091590,HTC,29-06-2025,19:46,Jackie,F,700,19.99,13993
931016,Apple,27-10-2024,18:53,Karrah,F,109,9.99,1088.91
49035800,Coolpad,05-12-2024,21:56,Foster,M,3494,1.99,6953.06
64980166,LG,28-08-2024,22:46,Calhoun,M,2540,54.99,139674.6
2209067,Samsung,26-08-2024,17:50,Bernetta,F,13355,10.99,146771.45
3381005,Siemens,17-08-2025,19:56,Doralynn,F,727,79.99,58152.73
55315199,LG,28-04-2025,18:10,Edna,F,4145,12.99,53843.55
49349472,XOLO,14-10-2024,16:42,Gabi,F,1201,49.99,60037.99
23155500,verykool,11-06-2025,16:59,Christa,F,270,169.99,45897.3
6416032,Bosch,25-05-2025,20:06,Malina,F,3991,19.99,79780.09
68084047,Samsung,26-11-2024,18:28,Arluene,F,1587,39.99,63464.13
52584534,Motorola,28-08-2024,23:36,Bamby,F,861,4.49,3865.89
37808485,Gionee,17-09-2024,20:54,Shaun,M,5355,19.99,107046.45
369871055,Samsung,23-07-2025,23:46,Jan,M,23,14.99,344.77
508450123,Philips,24-05-2025,16:02,Hewitt,M,1400,9.99,13986
5740840,Lava,10-06-2025,20:51,Bernelle,F,27,7.49,202.23
52584007,QMobile,29-10-2024,15:40,Gregor,M,26,3.49,90.74
68084018,Sonim,17-03-2025,21:22,Julian,M,531,2.99,1587.69
1850277,Micromax,07-09-2024,19:34,Modestia,F,245,2.29,561.05
52125119,Nokia,15-08-2025,20:01,Alexei,M,,39.99,0
42549658,verykool,21-07-2025,15:41,Marsiella,F,468,59.99,28075.32
369872681,LG,07-01-2025,21:31,Simone,M,318,39.99,12716.82
8320303,Micromax,17-03-2025,16:28,Jacquette,F,308,12.99,4000.92
685990207,Bird,22-04-2025,22:49,Bamby,F,266,4.89,1300.74
6157593,Wiko,19-09-2024,22:31,Nadine,F,33,3.49,115.17
548683524,HTC,27-10-2024,18:40,Ernestus,M,1616,8.49,13719.84
3782800,Samsung,16-04-2025,21:25,Becki,F,112,89.99,10078.88
66428005,Nokia,14-12-2024,14:49,Caddric,M,1691,4.99,8438.09
63981556,Motorola,21-04-2025,16:04,Lillis,F,1486,4.99,7415.14
65841769,LG,27-01-2025,19:33,Antonino,M,,3.99,0
605050267,Sony,08-07-2025,22:54,Misty,F,248,29.99,7437.52
117160041,LG,13-11-2024,22:57,Agnella,F,2772,29.99,83132.28
30142926,Samsung,03-06-2025,22:39,Randene,F,905,24.99,22615.95
55312016,BlackBerry,27-10-2024,15:11,Jess,F,4396,12.99,57104.04
49035240,Nokia,03-12-2024,15:41,Tome,M,19,59.99,1139.81
240793,Micromax,01-11-2024,21:27,Rhetta,F,252,29.99,7557.48
1439772,Realme,27-07-2025,14:46,Kendal,M,3290,39.99,131567.1
13537252,Gigabyte,15-11-2024,22:45,Cordie,M,3656,1.99,7275.44
63323373,Lenovo,24-10-2024,22:38,Astrix,F,13,3.99,51.87
33342048,NIU,28-04-2025,19:48,Sigismond,M,696,39.99,27833.04
628391332,Asus,27-11-2024,19:24,Vasily,M,876,89.99,78831.24
49349841,Samsung,03-12-2024,15:13,Kristel,F,226,1.99,449.74
52125533,Huawei,23-06-2025,17:11,Arliene,F,581,3.49,2027.69
13668005,Motorola,28-01-2025,22:56,Timi,F,4722,1.99,9396.78
56136009,Samsung,23-02-2025,14:39,Aridatha,F,302,49.99,15096.98
13537042,Sharp,17-05-2025,19:24,Jedediah,M,73,29.99,2189.27
69072070,Vodafone,08-02-2025,23:42,Gertruda,F,489,29.99,14665.11
61919015,Samsung,21-09-2024,18:33,Tobi,F,3445,4.79,16501.55
610960039,Huawei,17-09-2024,15:03,Stearne,M,3290,5.49,18062.1
49349983,Micromax,12-12-2024,15:09,Bobbie,M,1003,3.69,3701.07
43239201,Nokia,14-03-2025,16:38,Briny,F,597,15.99,9546.03
575200401,Acer,09-11-2024,21:12,Bernice,F,289,24.99,7222.11
57844117,Apple,03-10-2024,22:46,Sawyere,M,699,3.59,2509.41
622064721,Toshiba,16-03-2025,17:26,Fiann,F,,9.99,0
687889150,Sony,26-01-2025,21:36,Lorene,F,56,2.49,139.44
50438107,Nokia,19-03-2025,15:32,Cloris,F,3860,1.99,7681.4
45802680,BLU,17-07-2025,18:58,Kathy,F,4796,39.99,191792.04
68001252,Xiaomi,04-06-2025,17:59,Maribelle,F,1934,6.49,12551.66
50242064,Apple,10-02-2025,20:03,Sig,M,77,3.99,307.23
516724039,HTC,10-11-2024,18:54,Doria,F,2270,39.99,90777.3
687889526,Unnecto,22-06-2025,14:30,Thaxter,M,360,3.49,1256.4
24236584,Wiko,31-03-2025,20:19,Kendall,M,2195,1.29,2831.55
5913196,Samsung,24-05-2025,20:06,Abbie,M,3289,39.99,131527.11
42808300,HTC,28-05-2025,16:10,Cele,F,1411,59.99,84645.89
62037777,Sony,17-06-2025,16:17,Virginia,F,49,199.99,9799.51
67457409,Sony,22-05-2025,14:24,Lynnett,F,34,49.99,1699.66
55316296,Posh,07-07-2025,23:17,Goldie,F,627,2.49,1561.23
6030524,Spice,27-10-2024,15:30,Carmine,M,1759,7.99,14054.41
575200691,Lenovo,24-09-2024,22:38,Wylie,M,3590,3.29,11811.1
635484000,LG,02-07-2025,18:10,Ardene,F,544,3.5,1904
53329084,HTC,30-08-2024,23:33,Susan,F,5,5.99,29.95
3780271,Samsung,09-10-2024,14:55,Nalani,F,905,89.99,81440.95
3780330,Sony,21-01-2025,14:53,Almire,F,3541,5.29,18731.89
590621062,Sagem,17-01-2025,23:47,Lettie,F,184,3.99,734.16
233240,Gionee,26-10-2024,18:02,Dione,F,482,10.99,5297.18
492880618,Lenovo,11-02-2025,15:42,Dallon,M,30,3.49,104.7
43353755,Samsung,08-10-2024,21:16,Clyde,M,92,45.99,4231.08
492880436,Allview,15-01-2025,15:37,Maxine,F,1148,9.99,11468.52
551547273,alcatel,09-10-2024,14:39,Rici,F,627,3.29,2062.83
115090012,Posh,30-06-2025,18:43,Carver,M,236,14.99,3537.64
10812359,Samsung,17-11-2024,18:02,Billie,M,4941,4.99,24655.59
10914551,HTC,27-10-2024,18:42,Bev,F,1444,2.89,4173.16
65734511,i-mobile,19-04-2025,15:30,Marchelle,F,915,5.99,5480.85
76041712,Xiaomi,26-11-2024,18:38,Deane,M,62,3.29,203.98
5550776,ZTE,27-01-2025,22:04,Lodovico,M,309,29.99,9266.91
13537317,Apple,09-05-2025,14:14,Sidnee,M,77,1.99,153.23
75905003,Samsung,08-07-2025,16:55,Far,M,7291,8.99,65546.09
759160634,Plum,20-01-2025,22:33,Analiese,F,64,79.99,5119.36
53217015,Maxon,05-01-2025,23:11,Lizzy,F,568,99.99,56794.32
68828113,Meizu,12-07-2025,17:24,Herbert,M,1036,39.99,41429.64
548686224,Xiaomi,27-06-2025,19:45,Adela,F,768,7.49,5752.32
49349569,Samsung,23-07-2025,15:09,Joaquin,M,240,3.29,789.6
63868758,Samsung,13-05-2025,22:20,Karena,F,711,3.99,2836.89
60429382,XOLO,20-03-2025,22:14,Ladonna,F,846,99.99,84591.54
545692131,Philips,11-11-2024,19:07,Marlane,F,,26.99,0
551545364,Celkon,24-10-2024,14:33,Carolann,F,597,29.99,17904.03
64117967,ZTE,24-11-2024,16:44,Riobard,M,17,4.99,84.83
68703105,LG,15-10-2024,23:15,Kennan,M,1929,5.99,11554.71
118220327,Pantech,19-01-2025,23:05,Brittan,F,1148,3.99,4580.52
1130872,Samsung,17-04-2025,21:54,Frank,M,1100,8.99,9889
636294179,XOLO,16-02-2025,23:49,Janice,F,3970,59.99,238160.3
47335962,Spice,19-10-2024,14:40,Camey,M,3156,12.99,40996.44
6035772,Samsung,11-12-2024,23:09,Ailee,F,,39.99,0
369872395,LG,11-07-2025,19:53,Jess,F,197,12.99,2559.03
52959034,vivo,01-07-2025,18:26,Lawry,M,1624,3.99,6479.76
59779388,BLU,03-10-2024,20:42,Nicol,F,481,22.99,11058.19
759321001,LG,27-09-2024,18:09,Charlotte,F,730,29.99,21892.7
61715129,Asus,26-03-2025,14:37,Buckie,M,3810,10.99,41871.9
11673250,Ericsson,28-08-2024,16:45,Dillie,M,17,3.99,67.83
44873003,Infinix,04-01-2025,19:00,Hilly,M,698,12.99,9067.02
489512048,i-mate,09-12-2024,16:34,Jeane,F,1624,4.99,8103.76
16729067,Samsung,07-04-2025,23:42,Edithe,F,930,49.99,46490.7
551545561,vivo,29-09-2024,18:01,Johannes,M,53,29.99,1589.47
55316160,Nokia,07-10-2024,18:01,Tracey,M,2925,3.49,10208.25
54272201,verykool,22-12-2024,23:11,Allegra,F,2274,4.99,11347.26
59779977,Coolpad,01-08-2025,15:01,Guntar,M,250,4.09,1022.5
54575326,OnePlus,22-03-2025,16:57,Venita,F,40,18.99,759.6
492880768,BLU,18-05-2025,23:14,Sibeal,F,160,19.99,3198.4
52544847,Sony,01-04-2025,16:12,Christoph,M,1037,3.29,3411.73
510960001,alcatel,03-11-2024,22:41,Jena,F,1432,3.29,4711.28
68180198,Siemens,12-08-2025,14:44,Jodi,F,237,4.99,1182.63
645780092,Vertu,05-08-2025,22:52,Vassili,M,597,9.99,5964.03
2681355,Wiko,24-11-2024,21:02,Padgett,M,3784,24.99,94562.16
9046008,TCL,31-07-2025,15:34,Sigismundo,M,29,4.59,133.11
551543682,Infinix,09-09-2024,22:34,Rene,F,7,2.99,20.93
2681532,Lenovo,05-07-2025,17:24,Bo,M,3043,9.99,30399.57
42291596,Lava,28-09-2024,22:21,Kirsten,F,7143,49.99,357078.57
21695780,Energizer,30-09-2024,15:33,Eugen,M,,4.29,0
4093385,XOLO,23-08-2024,16:54,Hart,M,170,9.99,1698.3
43419713,Infinix,13-03-2025,22:30,Arnie,M,3050,2.99,9119.5
37205987,Xiaomi,05-04-2025,23:42,Max,F,726,29.99,21772.74
24385213,Vodafone,27-01-2025,22:07,Denyse,F,1520,59.99,91184.8
690950,Motorola,02-04-2025,19:25,Gregoire,M,6035,25.99,156849.65
52188515,Apple,20-08-2025,14:21,Mellie,F,351,3.29,1154.79
43269725,alcatel,29-05-2025,22:31,Zelig,M,207,169.99,35187.93
6151339,Google,24-07-2025,16:10,Lilly,F,121,64.99,7863.79
58503008,Sony,08-10-2024,16:54,Clio,F,204,3.49,711.96
51346074,Sony,03-07-2025,14:17,Rozalin,F,13,4.29,55.77
557144543,Micromax,07-09-2024,20:49,Rosalie,F,371,34.99,12981.29
63777214,Motorola,05-02-2025,20:56,Conni,F,1136,39.99,45428.64
21433,Samsung,21-11-2024,16:29,Amalle,F,295,89,26255
36000010,ZTE,23-04-2025,18:59,Pate,M,2132,29.99,63938.68
3786201,Motorola,14-02-2025,17:37,Kelby,M,7918,2.79,22091.22
3638410,Samsung,19-10-2024,16:01,Godwin,M,324,5.49,1778.76
549732961,Mitsubishi,22-06-2025,16:59,Gloriana,F,1266,59.99,75947.34
59115110,LG,24-06-2025,16:29,Minor,M,230,15.99,3677.7
47593307,Huawei,08-03-2025,22:30,Wilow,F,2171,39.99,86818.29
53187238,Motorola,17-07-2025,18:44,Evered,M,72,24.99,1799.28
47335276,Motorola,28-08-2024,19:59,Brana,F,1248,4.49,5603.52
41520112,BLU,07-03-2025,22:27,Erica,F,756,9.99,7552.44
1850111,Ericsson,07-02-2025,18:17,Deeanne,F,1558,29.99,46724.42
54092381,Siemens,11-08-2025,18:55,Ollie,F,495,39.99,19795.05
55319400,HTC,02-08-2025,19:31,Arte,M,59,3.49,205.91
51079392,HTC,29-01-2025,22:54,Gigi,F,,4.99,0
516724044,Philips,06-08-2025,15:44,Ki,F,300,29.99,8997
64376507,Motorola,23-09-2024,17:49,Nolan,M,,89.99,0
68645450,Samsung,09-10-2024,16:35,Arliene,F,2166,6.99,15140.34
451562250,Huawei,22-12-2024,16:26,Lemuel,M,,49.99,0
37000044,Samsung,07-11-2024,16:47,Kania,F,155,3.99,618.45
369872995,Realme,27-07-2025,16:11,Lia,F,503,4.49,2258.47
286912501,Chea,23-05-2025,20:03,Ian,M,10,79.99,799.9
76420769,Posh,06-11-2024,22:48,Arvy,M,808,2.49,2011.92
42806501,HTC,21-06-2025,23:03,Concordia,F,39,129.99,5069.61
75921648,Samsung,24-10-2024,14:38,Leanora,F,12,2.89,34.68
7033675,Huawei,04-03-2025,23:03,Anthe,F,95,19.99,1899.05
5970140,Huawei,25-03-2025,17:37,Tanney,M,98,1.99,195.02
63874323,Vodafone,08-01-2025,18:16,Rafe,M,31,12.99,402.69
538080264,Motorola,30-08-2024,17:04,Kaia,F,799,14.99,11977.01
21749366,Pantech,13-07-2025,22:49,Evvie,F,,4.99,0
411670851,Huawei,06-08-2025,17:02,Janice,F,52,2.79,145.08
590621068,Celkon,16-03-2025,21:33,Millisent,F,4,19.99,79.96
